id;first_name;last_name;email;gender;city;country
C1;Rafaelia;Constable;rconstable0@google.co.jp;Female;Kazanskoye;Russia
C2;Rayner;Langhor;rlanghor1@arstechnica.com;Male;Yauca;Peru
C3;Felike;Duchesne;fduchesne2@blog.com;Male;Monte Santo de Minas;Brazil
C4;Kelli;Winchcomb;kwinchcomb3@tuttocitta.it;Female;Červené Pečky;Czech Republic
C5;Timi;Butterley;tbutterley4@jalbum.net;Female;Lorino;Russia
C6;Beatriz;Crowley;bcrowley5@dailymotion.com;Polygender;Skuratovskiy;Russia
C7;Freddy;Jeandeau;fjeandeau6@unc.edu;Female;Sukojember;Indonesia
C8;Frederic;Eger;feger7@dedecms.com;Male;Simapu;China
C9;Elena;Easson;eeasson8@google.nl;Female;Singaraja;Indonesia
C10;Meade;Berardt;mberardt9@indiatimes.com;Male;Karnice;Poland
C11;Nathanael;Ledwidge;nledwidgea@go.com;Agender;Vaasa;Finland
C12;Dix;Offield;doffieldb@businesswire.com;Female;Katur;Indonesia
C13;Emlynne;Redferne;eredfernec@gravatar.com;Female;Shipu;China
C14;Lora;Bentley;lbentleyd@yelp.com;Female;Cikadondongdesa;Indonesia
C15;Avis;Boyd;aboyde@sourceforge.net;Female;Pandan;Philippines
C16;Nan;Pohlke;npohlkef@livejournal.com;Female;Sigetec;Croatia
C17;Darb;Perigeaux;dperigeauxg@nasa.gov;Female;Suso;Philippines
C18;Hendrik;Hargie;hhargieh@ocn.ne.jp;Male;Shiroi;Japan
C19;Briana;Fullman;bfullmani@moonfruit.com;Genderqueer;Nielisz;Poland
C20;Krissy;Chamberlayne;kchamberlaynej@dion.ne.jp;Bigender;Liufu;China
C21;Matthaeus;Rosa;mrosak@icq.com;Male;Nārang;Pakistan
C22;Rich;Cabena;rcabenal@mac.com;Genderfluid;Pršovce;Macedonia
C23;Lyn;Redwall;lredwallm@sfgate.com;Female;Ha’erlong;China
C24;Jorie;Kitchiner;jkitchinern@ftc.gov;Female;Irákleia;Greece
C25;Hersh;Downer;hdownero@umn.edu;Male;Ekimchan;Russia
C26;Lennie;Dowsett;ldowsettp@imageshack.us;Male;Privlaka;Croatia
C27;Dulsea;Palatini;dpalatiniq@bloomberg.com;Genderfluid;Pocpo;Bolivia
C28;Nanice;Scallan;nscallanr@europa.eu;Female;Cherga;Russia
C29;Heida;Jostan;hjostans@redcross.org;Female;Songkhla;Thailand
C30;Daphna;Lilloe;dlilloet@wikimedia.org;Female;Yeyik;China
C31;Bone;Dobel;bdobelu@ox.ac.uk;Non-binary;Kołbiel;Poland
C32;Lyn;St Pierre;lstpierrev@t.co;Male;Borok;Russia
C33;Nalani;Gearty;ngeartyw@boston.com;Bigender;Třešť;Czech Republic
C34;Caprice;Gerty;cgertyx@deliciousdays.com;Female;Pundong;Indonesia
C35;Kristan;Youll;kyoully@biblegateway.com;Female;Nybro;Sweden
C36;Davina;Melloy;dmelloyz@telegraph.co.uk;Female;Dairiti;Indonesia
C37;Nicholas;Gerish;ngerish10@spiegel.de;Male;Buenos Aires;Mexico
C38;Dona;Morcomb;dmorcomb11@phoca.cz;Female;Bodeh;Indonesia
C39;Tiphanie;Calcraft;tcalcraft12@examiner.com;Female;Guanchao;China
C40;Ax;Vinck;avinck13@digg.com;Male;Costeira do Pirajubae;Brazil
C41;Jordain;McGuinness;jmcguinness14@theatlantic.com;Genderqueer;Canindé;Brazil
C42;Godard;Gilardoni;ggilardoni15@wiley.com;Male;Santa Maria;Brazil
C43;Greggory;Berling;gberling16@shareasale.com;Non-binary;Ochla;Poland
C44;Ally;Inworth;ainworth17@comcast.net;Polygender;Tavira;Portugal
C45;Harlan;Straine;hstraine18@chronoengine.com;Male;Swindon;United Kingdom
C46;Kerrin;Wickey;kwickey19@theguardian.com;Female;;
C47;Ramsey;Heaslip;rheaslip1a@pcworld.com;Male;Pyhäntä;Finland
C48;Gayelord;Linford;glinford1b@nationalgeographic.com;Male;Kamubheka;Indonesia
C49;Igor;Tetley;itetley1c@businessweek.com;Male;Tyachiv;Ukraine
C50;Ruddy;Moan;rmoan1d@ocn.ne.jp;Male;Somorpenang;Indonesia
C51;Bing;Ropkins;bropkins1e@elegantthemes.com;Male;Qingyang;China
C52;Beniamino;Dillon;bdillon1f@feedburner.com;Bigender;Huibu;China
C53;Timothea;Slatford;tslatford1g@toplist.cz;Female;Cibolang;Indonesia
C54;Roberto;Durie;rdurie1h@hubpages.com;Male;Tegalsari;Indonesia
C55;Edgardo;Hattersley;ehattersley1i@hexun.com;Male;Minamata;Japan
C56;Mycah;Drohun;mdrohun1j@paypal.com;Male;Tendō;Japan
C57;Ninon;Skidmore;nskidmore1k@google.co.jp;Female;Khandagayty;Russia
C58;Roch;Hof;rhof1l@ow.ly;Female;Sopo;Indonesia
C59;Hobart;Astlatt;hastlatt1m@craigslist.org;Male;Aguas Verdes;Peru
C60;Gerick;Kettlestringes;gkettlestringes1n@typepad.com;Male;Coutances;France
C61;Odetta;Jevon;ojevon1o@java.com;Female;Skoútari;Greece
C62;Ginny;Belderfield;gbelderfield1p@sogou.com;Female;Aurora;United States
C63;Boonie;Drinkhall;bdrinkhall1q@smugmug.com;Male;Kawakawa;New Zealand
C64;Clea;Hurdle;churdle1r@diigo.com;Female;Selianítika;Greece
C65;Philomena;Spavins;pspavins1s@census.gov;Female;Fonte da Vaca;Portugal
C66;Alyse;Kobpa;akobpa1t@trellian.com;Female;Cojata;Peru
C67;Laureen;Ruckledge;lruckledge1u@nifty.com;Female;Kvänum;Sweden
C68;Brendon;Nelissen;bnelissen1v@xinhuanet.com;Male;Seremban;Malaysia
C69;Udall;Rumgay;urumgay1w@t.co;Male;Albanel;Canada
C70;Ingrim;Rawet;irawet1x@xing.com;Male;Den Chai;Thailand
C71;Barby;Devon;bdevon1y@geocities.com;Female;Karangbalong;Indonesia
C72;Claybourne;Govini;cgovini1z@samsung.com;Male;Dédougou;Burkina Faso
C73;Reeva;Cadreman;rcadreman20@kickstarter.com;Female;Camlachie;Canada
C74;Lezlie;O'Doherty;lodoherty21@naver.com;Female;Kefar Yona;Israel
C75;Gabie;Cristea;gcristea22@blogs.com;Male;Krajan Karanganyar;Indonesia
C76;Jami;Stephens;jstephens23@gnu.org;Bigender;Krajan Alastengah;Indonesia
C77;Quinton;Attewell;qattewell24@networkadvertising.org;Male;Welibo;Indonesia
C78;Hervey;Managh;hmanagh25@google.cn;Male;Dístomo;Greece
C79;Henri;Delmage;hdelmage26@virginia.edu;Male;Habiganj;Bangladesh
C80;Rog;McCuis;rmccuis27@home.pl;Male;;
C81;Daphne;Bibey;dbibey28@topsy.com;Female;Hafnarfjörður;Iceland
C82;Charita;Allard;callard29@gov.uk;Female;Kivsharivka;Ukraine
C83;Abigail;Shasnan;ashasnan2a@sina.com.cn;Female;Xinghua;China
C84;Kacie;Landon;klandon2b@alexa.com;Female;Boychinovtsi;Bulgaria
C85;Geri;Lahy;glahy2c@chronoengine.com;Male;Daijiaba;China
C86;Sibilla;Marshal;smarshal2d@indiegogo.com;Genderfluid;Libice nad Cidlinou;Czech Republic
C87;Moise;Growcott;mgrowcott2e@irs.gov;Male;Sade;Nigeria
C88;Sigfried;Wallman;swallman2f@tinyurl.com;Male;Ludwin;Poland
C89;Ibbie;Posselwhite;iposselwhite2g@redcross.org;Female;Gainesville;United States
C90;Matthaeus;Meadus;mmeadus2h@cdbaby.com;Male;Vila Chã;Portugal
C91;Giraud;Moorerud;gmoorerud2i@theguardian.com;Male;Stuttgart Stuttgart-Mitte;Germany
C92;Nolana;Tratton;ntratton2j@tmall.com;Female;Moyynkum;Kazakhstan
C93;Anita;Harcus;aharcus2k@jiathis.com;Female;;
C94;Gerrard;Witcherley;gwitcherley2l@wix.com;Polygender;Pavia;Portugal
C95;Edan;Schwandner;eschwandner2m@themeforest.net;Male;Sumuragung;Indonesia
C96;Davis;Usborn;dusborn2n@pagesperso-orange.fr;Male;Tangjiapo;China
C97;Hubie;Mc Corley;hmccorley2o@cnn.com;Male;Seteluk Tengah;Indonesia
C98;Rennie;Mutch;rmutch2p@cisco.com;Female;Goulmima;Morocco
C99;Fanechka;Cuncliffe;fcuncliffe2q@chron.com;Female;Porto Calvo;Brazil
C100;Arlana;Coult;acoult2r@huffingtonpost.com;Female;General Villegas;Argentina
C101;Gwyneth;Jeafferson;gjeafferson2s@craigslist.org;Female;Portland;United States
C102;Hubert;Luciani;hluciani2t@simplemachines.org;Male;Nepomuceno;Brazil
C103;Roberta;Whitesel;rwhitesel2u@typepad.com;Female;Nowshera Cantonment;Pakistan
C104;Sherlocke;Cruise;scruise2v@mapy.cz;Male;Gävle;Sweden
C105;Katrine;Jebb;kjebb2w@pinterest.com;Female;Tangdong;China
C106;Susette;Orgel;sorgel2x@sciencedirect.com;Female;Xiasha;China
C107;Robbert;Dimitru;rdimitru2y@angelfire.com;Male;Ash Shuyūkh;Palestinian Territory
C108;Alfie;Cudmore;acudmore2z@netvibes.com;Female;Strasbourg;France
C109;Christophorus;Mackrill;cmackrill30@nyu.edu;Male;Cha’anpu;China
C110;Adolpho;Goodey;agoodey31@examiner.com;Male;Radostowice;Poland
C111;Issi;Mountney;imountney32@slashdot.org;Female;Shabo;Ukraine
C112;Jake;Kardos;jkardos33@pinterest.com;Male;Erenhot;China
C113;Benjie;Aysik;baysik34@blogs.com;Male;Cipicung Timur;Indonesia
C114;Steven;Thalmann;sthalmann35@bloglines.com;Male;Rio Meão;Portugal
C115;Orson;Croxley;ocroxley36@bing.com;Male;Nagua;Dominican Republic
C116;Elijah;Colwell;ecolwell37@biblegateway.com;Male;Sośno;Poland
C117;Alexi;Borth;aborth38@nih.gov;Female;Murom;Russia
C118;Had;Beche;hbeche39@networkadvertising.org;Male;Bamiantong;China
C119;Caty;Hanmer;chanmer3a@sogou.com;Non-binary;Borovo;Bulgaria
C120;Skylar;Meneux;smeneux3b@woothemes.com;Male;Lyubymivka;Ukraine
C121;Garik;Attoc;gattoc3c@gravatar.com;Male;Salitral;Costa Rica
C122;Jade;Kiddell;jkiddell3d@photobucket.com;Female;Argel;Armenia
C123;Joane;Elfleet;jelfleet3e@de.vu;Female;Kaniów;Poland
C124;Romy;Blofield;rblofield3f@indiatimes.com;Female;Malkā;Jordan
C125;Patrizia;Sisneros;psisneros3g@arstechnica.com;Female;Sojo;Peru
C126;Armstrong;Sanpher;asanpher3h@miibeian.gov.cn;Genderfluid;Mailag;Philippines
C127;Ambrose;Chantillon;achantillon3i@i2i.jp;Male;Mammari;Cyprus
C128;Debor;Chomicz;dchomicz3j@ca.gov;Female;Lianzhou;China
C129;Pennie;Plumer;pplumer3k@nba.com;Female;Al Qurayn;Saudi Arabia
C130;Junie;Cadwell;jcadwell3l@baidu.com;Female;Touama;Morocco
C131;Michaella;Seelbach;mseelbach3m@domainmarket.com;Female;Ust’-Kachka;Russia
C132;Elbert;Betun;ebetun3n@ebay.co.uk;Male;;
C133;Harli;Faudrie;hfaudrie3o@bloomberg.com;Polygender;Andilamena;Madagascar
C134;Renell;Tenniswood;rtenniswood3p@jiathis.com;Female;Nantes;France
C135;Hilary;Agott;hagott3q@alexa.com;Female;Cill Airne;Ireland
C136;Annmaria;Mosedill;amosedill3r@typepad.com;Genderfluid;Yarīm;Yemen
C137;Rosella;Aubrey;raubrey3s@ycombinator.com;Female;Huangzhai;China
C138;Jorie;Seger;jseger3t@sciencedaily.com;Female;Bellavista;Mexico
C139;Sigrid;Tiddy;stiddy3u@barnesandnoble.com;Female;Matsumoto;Japan
C140;Bamby;Wylder;bwylder3v@theguardian.com;Female;Yuscarán;Honduras
C141;Quillan;Pinckney;qpinckney3w@msn.com;Male;Storozhevaya;Russia
C142;Madelle;Di Carlo;mdicarlo3x@xinhuanet.com;Female;Resapombo;Indonesia
C143;Elsbeth;Beggio;ebeggio3y@hhs.gov;Female;Dafang;China
C144;Cesaro;Fasset;cfasset3z@dropbox.com;Male;Zhuping;China
C145;Loralyn;Jailler;ljailler40@wordpress.com;Female;Dhamār;Yemen
C146;Giuditta;Halls;ghalls41@bluehost.com;Female;Puerto Padre;Cuba
C147;Ric;Papaminas;rpapaminas42@domainmarket.com;Male;Paraćin;Serbia
C148;Arny;Loftin;aloftin43@reverbnation.com;Male;Washington;United States
C149;Gib;McCrudden;gmccrudden44@dyndns.org;Male;Melissochóri;Greece
C150;Flem;Vicioso;fvicioso45@sina.com.cn;Male;Shangzhuang;China
C151;Duffie;Althorp;dalthorp46@google.ca;Male;Kyperoúnta;Cyprus
C152;Pegeen;Gladding;pgladding47@wordpress.org;Female;Sungai;Philippines
C153;Jonis;Cottrill;jcottrill48@wiley.com;Female;Pyhäranta;Finland
C154;Editha;Gatrill;egatrill49@apple.com;Female;Jiufang;China
C155;Kanya;Richmond;krichmond4a@ebay.co.uk;Female;Thị Trấn Quán Lào;Vietnam
C156;Electra;Wakenshaw;ewakenshaw4b@merriam-webster.com;Female;Owczarnia;Poland
C157;Mirna;Folland;mfolland4c@myspace.com;Female;Tacoma;United States
C158;Flem;Sackett;fsackett4d@stumbleupon.com;Genderqueer;Gornyak;Russia
C159;Beniamino;St Louis;bstlouis4e@simplemachines.org;Male;Podwilk;Poland
C160;Corrina;Welch;cwelch4f@themeforest.net;Female;Bakov nad Jizerou;Czech Republic
C161;Star;Thireau;sthireau4g@loc.gov;Female;Santa Cruz de Barahona;Dominican Republic
C162;Chico;Nevett;cnevett4h@nih.gov;Male;Longuita;Peru
C163;Arch;Dewes;adewes4i@vistaprint.com;Male;Kirkton;United Kingdom
C164;Patricia;Heartfield;pheartfield4j@linkedin.com;Female;Darenzhuang;China
C165;Moise;Blaxton;mblaxton4k@answers.com;Male;Riverton;New Zealand
C166;Papageno;Atte-Stone;pattestone4l@elegantthemes.com;Male;Ouésso;Republic of the Congo
C167;Kermy;Kestle;kkestle4m@simplemachines.org;Male;Sancha;China
C168;Kelcey;Millery;kmillery4n@ucoz.ru;Female;Bolo;Philippines
C169;Nicoli;Le Fevre;nlefevre4o@icio.us;Female;Ubinskoye;Russia
C170;Rachele;Aguirre;raguirre4p@discovery.com;Female;Listvyanka;Russia
C171;Dore;Bastide;dbastide4q@chicagotribune.com;Genderfluid;Campina Grande do Sul;Brazil
C172;Gerianna;Maddrell;gmaddrell4r@gmpg.org;Female;Camargo;Bolivia
C173;Kippy;Jansey;kjansey4s@nytimes.com;Female;Chiguata;Peru
C174;Minta;Shermar;mshermar4t@wix.com;Female;Longtian;China
C175;Ashla;Byard;abyard4u@illinois.edu;Female;Bauchi;Nigeria
C176;Germaine;Davidsen;gdavidsen4v@cnbc.com;Male;Maikun;China
C177;Ginger;Galliard;ggalliard4w@digg.com;Female;Sungsang;Indonesia
C178;Garwood;Kerne;gkerne4x@dell.com;Male;Krajan;Indonesia
C179;Georgetta;Tillot;gtillot4y@opensource.org;Genderqueer;Sanbao;China
C180;Daniel;Gladman;dgladman4z@cbslocal.com;Male;El Retorno;Colombia
C181;Trenton;Worsham;tworsham50@mayoclinic.com;Male;Yuli;Nigeria
C182;Dianne;Tipling;dtipling51@uiuc.edu;Female;Nowosielce;Poland
C183;Frederico;Gunner;fgunner52@go.com;Male;Tsybli;Ukraine
C184;Stanley;Bicknell;sbicknell53@indiegogo.com;Male;Tanggu;China
C185;Riannon;Wetherick;rwetherick54@whitehouse.gov;Female;Kapatagan;Philippines
C186;Reeba;Deans;rdeans55@dion.ne.jp;Female;Fengshan;China
C187;Nonie;Balsom;nbalsom56@fda.gov;Female;Ngrejo;Indonesia
C188;Izabel;Philippou;iphilippou57@aboutads.info;Female;Aglipay;Philippines
C189;Jeri;Guerry;jguerry58@utexas.edu;Genderqueer;Silvino Lobos;Philippines
C190;Bev;Edgars;bedgars59@sitemeter.com;Female;Priozërsk;Russia
C191;Nicholas;Barense;nbarense5a@theglobeandmail.com;Male;Langchi;China
C192;Gian;Colston;gcolston5b@cargocollective.com;Male;Sukamenak;Indonesia
C193;Yuma;Malecky;ymalecky5c@constantcontact.com;Male;Lavradio;Portugal
C194;Washington;Sperski;wsperski5d@rediff.com;Male;Protaras;Cyprus
C195;Beatrisa;De Caville;bdecaville5e@google.it;Female;Chociwel;Poland
C196;Blythe;Kaplin;bkaplin5f@home.pl;Genderqueer;Cleveland;United States
C197;Elora;Worters;eworters5g@pen.io;Female;Severomorsk;Russia
C198;Helen-elizabeth;Hulland;hhulland5h@fotki.com;Female;Kuršumlija;Serbia
C199;Alysa;McOrkill;amcorkill5i@state.gov;Female;Shagamu;Nigeria
C200;Wilbur;Flinn;wflinn5j@discuz.net;Male;Siquirres;Costa Rica
C201;Fleur;Drinkall;fdrinkall5k@ucoz.ru;Non-binary;Kuala Pilah;Malaysia
C202;Temp;Stuer;tstuer5l@upenn.edu;Genderqueer;Boende;Democratic Republic of the Congo
C203;Eula;Goggen;egoggen5m@studiopress.com;Female;Lewolang;Indonesia
C204;Duff;Maine;dmaine5n@scribd.com;Male;Gråbo;Sweden
C205;Mildred;Raff;mraff5o@barnesandnoble.com;Female;Xinheng;China
C206;Morley;Vreede;mvreede5p@nih.gov;Male;Guozhuang;China
C207;Alfy;Aldrich;aaldrich5q@soup.io;Female;Skoczów;Poland
C208;Adah;Tackes;atackes5r@youku.com;Female;Algarrobo;Colombia
C209;Hector;Giorgetti;hgiorgetti5s@nydailynews.com;Male;Gaocheng;China
C210;Llywellyn;McMackin;lmcmackin5t@va.gov;Male;Ulanov;Ukraine
C211;Cello;Mapstone;cmapstone5u@umn.edu;Male;Komorniki;Poland
C212;Celestia;Rene;crene5v@bandcamp.com;Female;Mikun’;Russia
C213;Analise;Bassingden;abassingden5w@is.gd;Polygender;Yongping;China
C214;Morgan;Eberts;meberts5x@cafepress.com;Female;Casilda;Argentina
C215;Jacinda;McRobert;jmcrobert5y@freewebs.com;Female;Zhenjiang;China
C216;Cyb;Suffield;csuffield5z@independent.co.uk;Female;Balitai;China
C217;Inness;Glassman;iglassman60@digg.com;Male;Yanzhao;China
C218;Kay;Brissenden;kbrissenden61@facebook.com;Female;Espera Feliz;Brazil
C219;Ivonne;Fletcher;ifletcher62@imageshack.us;Female;Mirimire;Venezuela
C220;Standford;Nern;snern63@mayoclinic.com;Male;Yizhang Chengguanzhen;China
C221;Remus;Vinecombe;rvinecombe64@tinyurl.com;Male;Shiquan;China
C222;Derward;Allder;dallder65@sciencedirect.com;Male;Sioguí Abajo;Panama
C223;Delinda;Gudger;dgudger66@t-online.de;Female;Quintas;Portugal
C224;Yettie;Rylett;yrylett67@umn.edu;Female;Arapuey;Venezuela
C225;Alf;Cortin;acortin68@blogtalkradio.com;Male;Vyaz’ma;Russia
C226;Grantley;Bushill;gbushill69@gravatar.com;Genderqueer;Zbůch;Czech Republic
C227;Kevyn;Gutans;kgutans6a@mlb.com;Female;Sillon;Philippines
C228;Mellicent;Krollmann;mkrollmann6b@statcounter.com;Genderfluid;Waerana;Indonesia
C229;Trudey;Piatkowski;tpiatkowski6c@zimbio.com;Female;Mokopane;South Africa
C230;Robyn;Bridell;rbridell6d@yelp.com;Female;Pueblo Nuevo;Peru
C231;Zandra;Dukesbury;zdukesbury6e@forbes.com;Female;General Manuel J. Campos;Argentina
C232;Annecorinne;Mellsop;amellsop6f@vinaora.com;Female;Cervantes;Philippines
C233;Andrew;Burbudge;aburbudge6g@naver.com;Non-binary;Lazaro Cardenas;Mexico
C234;Farris;Maccrie;fmaccrie6h@hexun.com;Male;Água Retorta;Portugal
C235;Chance;Gracey;cgracey6i@posterous.com;Male;Xazgat;China
C236;Dwight;Burt;dburt6j@chicagotribune.com;Male;Gaoyang;China
C237;Carlene;Hutsby;chutsby6k@privacy.gov.au;Female;Gandi;Nigeria
C238;Trace;Emett;temett6l@baidu.com;Male;Oslo;Norway
C239;Chrissie;McPhail;cmcphail6m@tripadvisor.com;Male;Paris 05;France
C240;Charlot;Gosz;cgosz6n@skyrock.com;Female;Słotowa;Poland
C241;Tabb;Holby;tholby6o@vinaora.com;Polygender;Jaguaquara;Brazil
C242;Kamila;Mulles;kmulles6p@cocolog-nifty.com;Female;Klang;Malaysia
C243;Alberto;Giggs;agiggs6q@cam.ac.uk;Male;Sendang;Indonesia
C244;Gisela;Threlkeld;gthrelkeld6r@squidoo.com;Genderqueer;Casais de Vera Cruz;Portugal
C245;Adlai;Farquharson;afarquharson6s@scientificamerican.com;Male;Rio Brilhante;Brazil
C246;Maxie;Helling;mhelling6t@thetimes.co.uk;Male;Mamonovo;Russia
C247;Rosalyn;Laurisch;rlaurisch6u@last.fm;Female;Aqtoghay;Kazakhstan
C248;Netta;Imore;nimore6v@seesaa.net;Female;Vozuća;Bosnia and Herzegovina
C249;Thacher;Coltart;tcoltart6w@apache.org;Agender;Concepcion;Philippines
C250;Bengt;Molines;bmolines6x@engadget.com;Non-binary;Bol;Chad
C251;Dorian;Niven;dniven6y@amazon.de;Male;Tabālah;Saudi Arabia
C252;Chiarra;Mitro;cmitro6z@ameblo.jp;Female;Deshan;China
C253;Helena;Grayshon;hgrayshon70@dailymail.co.uk;Female;Hamburg;Germany
C254;Ned;Sanper;nsanper71@microsoft.com;Male;Gorzyce;Poland
C255;Raleigh;Lum;rlum72@senate.gov;Male;Bov;Bulgaria
C256;Alayne;MacAllister;amacallister73@aboutads.info;Genderfluid;Daming;China
C257;Errol;Kupisz;ekupisz74@wired.com;Male;Jingyang;China
C258;Olenolin;Kowal;okowal75@theguardian.com;Male;Redinha;Portugal
C259;Doris;Chesworth;dchesworth76@guardian.co.uk;Female;Tampa;United States
C260;Linc;Franses;lfranses77@theatlantic.com;Agender;Cái Nhum;Vietnam
C261;Beverly;Gribble;bgribble78@vkontakte.ru;Female;Bakıxanov;Azerbaijan
C262;Maribel;Shawell;mshawell79@geocities.jp;Female;Mliwang;Indonesia
C263;Reg;Oluwatoyin;roluwatoyin7a@wix.com;Male;Thị Trấn Cao Lộc;Vietnam
C264;Horton;MacCoughen;hmaccoughen7b@adobe.com;Male;Yuncheng;China
C265;Remington;Ezzell;rezzell7c@blog.com;Male;Soio;Angola
C266;Kathlin;Thornley;kthornley7d@cbc.ca;Female;Atiquizaya;El Salvador
C267;Rurik;Mc Meekan;rmcmeekan7e@un.org;Genderqueer;Kněžpole;Czech Republic
C268;Cordell;Taree;ctaree7f@nsw.gov.au;Male;Santa Cruz;Philippines
C269;Lorene;Duff;lduff7g@usda.gov;Female;Pohonsirih;Indonesia
C270;Randa;Jacombs;rjacombs7h@hatena.ne.jp;Female;Rancaerang;Indonesia
C271;Sela;Kinrade;skinrade7i@nyu.edu;Female;Tambo;Philippines
C272;Gillie;Pearle;gpearle7j@ifeng.com;Female;Ansongo;Mali
C273;Hughie;Kubecka;hkubecka7k@nymag.com;Male;Vantaa;Finland
C274;Giacopo;Inkle;ginkle7l@bbb.org;Male;Tirah;Israel
C275;Rusty;Djorevic;rdjorevic7m@skype.com;Male;Santa Venera;Malta
C276;Lynette;Aldine;laldine7n@360.cn;Female;Dasht-e Archī;Afghanistan
C277;Kippy;Yarmouth;kyarmouth7o@desdev.cn;Female;Gorgān;Iran
C278;Caz;Cakebread;ccakebread7p@freewebs.com;Male;Kefar Tavor;Israel
C279;Retha;Seppey;rseppey7q@indiegogo.com;Female;Shixian;China
C280;Dulcia;Rennebach;drennebach7r@1und1.de;Female;Chinameca;El Salvador
C281;Natassia;Rickard;nrickard7s@liveinternet.ru;Female;Siennica Różana;Poland
C282;Lloyd;Scurrer;lscurrer7t@pbs.org;Male;Vårby;Sweden
C283;Sheilah;Vogl;svogl7u@arstechnica.com;Female;Maltahöhe;Namibia
C284;Rici;Letchford;rletchford7v@godaddy.com;Female;Airmata;Indonesia
C285;Whitman;Arents;warents7w@artisteer.com;Male;Luoshan;China
C286;Alanna;Crone;acrone7x@census.gov;Female;Privas;France
C287;Gustavus;McMeekan;gmcmeekan7y@sbwire.com;Male;Cipari;Indonesia
C288;Scotti;Axleby;saxleby7z@noaa.gov;Male;Argotirto Krajan;Indonesia
C289;Marylin;Easthope;measthope80@cargocollective.com;Female;Novopokrovka;Russia
C290;Evey;O' Mullan;eomullan81@patch.com;Female;Chatuchak;Thailand
C291;Tandi;Steutly;tsteutly82@mozilla.com;Female;Aktogay;Kazakhstan
C292;Garnet;Speere;gspeere83@flickr.com;Female;Hankha;Thailand
C293;Lowrance;Kenafaque;lkenafaque84@github.io;Male;Wahai;Indonesia
C294;Conni;Raw;craw85@springer.com;Female;Caseros;Argentina
C295;Flynn;Barles;fbarles86@accuweather.com;Male;Maripipi;Philippines
C296;Udale;Lermit;ulermit87@nbcnews.com;Male;Aygepat;Armenia
C297;Arnuad;O'Rowane;aorowane88@tamu.edu;Male;Madimba;Tanzania
C298;Kevin;Sturman;ksturman89@bbc.co.uk;Male;Vlorë;Albania
C299;Osgood;Yarnall;oyarnall8a@opensource.org;Male;Sayang Lauq;Indonesia
C300;Giffer;Rofe;grofe8b@comsenz.com;Male;Göteborg;Sweden
C301;Camille;Posse;cposse8c@sfgate.com;Female;Bosanski Šamac;Bosnia and Herzegovina
C302;Gabbie;Laviste;glaviste8d@ask.com;Female;Ouanaminthe;Haiti
C303;Frankie;Cinderey;fcinderey8e@mlb.com;Male;Aitape;Papua New Guinea
C304;Cathy;Scurman;cscurman8f@chron.com;Female;Biguo;China
C305;Euell;Tommasi;etommasi8g@linkedin.com;Male;Catarman;Philippines
C306;Bird;Jaynes;bjaynes8h@51.la;Genderqueer;Aparecida de Goiânia;Brazil
C307;Waldo;Maddams;wmaddams8i@goo.gl;Male;Norrköping;Sweden
C308;Candra;Delouch;cdelouch8j@phpbb.com;Female;Moijabana;Botswana
C309;Faith;Sudworth;fsudworth8k@51.la;Female;Kladruby;Czech Republic
C310;Barty;Metzke;bmetzke8l@weebly.com;Male;Kampungmasjid;Indonesia
C311;Letitia;Raeburn;lraeburn8m@digg.com;Female;Hechun;China
C312;Jeromy;Fullerton;jfullerton8n@webmd.com;Male;Vallentuna;Sweden
C313;Peyton;Nairne;pnairne8o@blogspot.com;Male;Huishangang;China
C314;Blair;Anyon;banyon8p@usa.gov;Female;Benavila;Portugal
C315;Sydelle;Pady;spady8q@npr.org;Female;Ondoy;Philippines
C316;Cicely;Loveman;cloveman8r@columbia.edu;Female;Paso de Indios;Argentina
C317;Dian;Wolver;dwolver8s@wiley.com;Female;Skópelos;Greece
C318;Madelina;Cosker;mcosker8t@cbsnews.com;Bigender;Managua;Nicaragua
C319;Sigvard;Forsyde;sforsyde8u@arizona.edu;Male;Ust’-Dzheguta;Russia
C320;Angus;Rattenberie;arattenberie8v@hexun.com;Male;Datong;China
C321;Barris;Linebarger;blinebarger8w@usgs.gov;Male;Yihe;China
C322;Mack;Tordiffe;mtordiffe8x@usa.gov;Male;Zhonghechang;China
C323;Nanci;Milligan;nmilligan8y@netscape.com;Female;Tuchomie;Poland
C324;Briant;Habin;bhabin8z@prweb.com;Male;Shahezi;China
C325;Donn;Dibble;ddibble90@tmall.com;Polygender;Ágios Matthaíos;Greece
C326;Kata;Yates;kyates91@gravatar.com;Female;Smolyaninovo;Russia
C327;Persis;Kumar;pkumar92@howstuffworks.com;Agender;Munka-Ljungby;Sweden
C328;Korey;Shipway;kshipway93@fda.gov;Male;Daguyun;China
C329;Gilberta;Grainger;ggrainger94@hhs.gov;Female;Laško;Slovenia
C330;Bartram;Siebert;bsiebert95@oaic.gov.au;Male;Maoqitun;China
C331;Joane;Stanworth;jstanworth96@europa.eu;Female;Sukonolo Krajan;Indonesia
C332;Tatum;Sedman;tsedman97@miibeian.gov.cn;Female;Zamboanga;Philippines
C333;Mechelle;Asee;masee98@google.nl;Female;Skelleftehamn;Sweden
C334;Iggy;Gabe;igabe99@linkedin.com;Male;Bīrganj;Nepal
C335;Nevsa;Kohrt;nkohrt9a@twitpic.com;Female;Krajan Curahcotok;Indonesia
C336;Raffaello;Freiberg;rfreiberg9b@mac.com;Male;Bagumbayan;Philippines
C337;Nicolis;Huntly;nhuntly9c@mayoclinic.com;Male;Pontalina;Brazil
C338;Doroteya;Headings;dheadings9d@nba.com;Female;Tianmuhu;China
C339;Katusha;Veque;kveque9e@dailymail.co.uk;Female;Lensk;Russia
C340;Clive;Wharf;cwharf9f@weebly.com;Male;Kuching;Malaysia
C341;Oralee;Shurey;oshurey9g@twitpic.com;Female;Svislach;Belarus
C342;Trey;Sheaf;tsheaf9h@123-reg.co.uk;Male;Little Current;Canada
C343;Ignazio;Bennen;ibennen9i@g.co;Male;Centar Župa;Macedonia
C344;Toinette;Bending;tbending9j@telegraph.co.uk;Female;Lacroix-Saint-Ouen;France
C345;Kingsley;Loudiane;kloudiane9k@wsj.com;Male;Pushchino;Russia
C346;Griswold;Skylett;gskylett9l@hatena.ne.jp;Male;Wadung;Indonesia
C347;Ezri;Tuxwell;etuxwell9m@biglobe.ne.jp;Male;Nanmu;China
C348;Xavier;Titterrell;xtitterrell9n@weebly.com;Male;Borovan;Bulgaria
C349;Stafani;Devitt;sdevitt9o@naver.com;Bigender;El Corozal;Honduras
C350;Yuma;Matejovsky;ymatejovsky9p@sohu.com;Genderfluid;Zhongcheng;China
C351;Myra;Jaram;mjaram9q@yellowbook.com;Female;Claremorris;Ireland
C352;Tony;Adamides;tadamides9r@issuu.com;Male;Tessalit;Mali
C353;Henrik;Clorley;hclorley9s@nbcnews.com;Male;Dadap;Indonesia
C354;Arlee;Gierck;agierck9t@mlb.com;Female;Karangkancana;Indonesia
C355;Carny;Antunez;cantunez9u@usa.gov;Male;Yeniköy;Turkey
C356;Abby;Witheford;awitheford9v@amazon.co.uk;Female;Lipljan;Kosovo
C357;Persis;Leadbetter;pleadbetter9w@joomla.org;Female;Saýat;Turkmenistan
C358;Dennis;Felipe;dfelipe9x@skype.com;Male;Oytal;Kazakhstan
C359;Ana;Shills;ashills9y@joomla.org;Female;Kashima;Japan
C360;Shandeigh;Drayton;sdrayton9z@dot.gov;Female;Lubniewice;Poland
C361;Kassey;Sans;ksansa0@dropbox.com;Female;Sundsvall;Sweden
C362;Giraldo;Walkden;gwalkdena1@spotify.com;Male;Beaconsfield;Canada
C363;Krysta;Ruston;krustona2@amazon.de;Female;Erdu;China
C364;Ken;Newall;knewalla3@odnoklassniki.ru;Male;Pleasant Point;New Zealand
C365;Garey;Boyall;gboyalla4@vimeo.com;Male;Amieira do Tejo;Portugal
C366;Tynan;Cupitt;tcupitta5@hugedomains.com;Agender;Kungshamn;Sweden
C367;Margarete;Bartlosz;mbartlosza6@pinterest.com;Female;Cayenne;French Guiana
C368;Bella;Reid;breida7@toplist.cz;Female;Obonoma;Nigeria
C369;Maggy;McLeary;mmclearya8@ask.com;Female;Valencia;Philippines
C370;Ambur;Wraith;awraitha9@twitpic.com;Female;Concepción de La Vega;Dominican Republic
C371;Eleonore;MacGaffey;emacgaffeyaa@mayoclinic.com;Female;Fatufeto;Indonesia
C372;Maryanna;Gilogly;mgiloglyab@xing.com;Female;Puente Alto;Chile
C373;Lenci;Adamczewski;ladamczewskiac@wordpress.org;Non-binary;Nelson;New Zealand
C374;Jordon;Wragg;jwraggad@whitehouse.gov;Male;Kelin;China
C375;Sim;Gouldstraw;sgouldstrawae@blinklist.com;Male;Aromashevo;Russia
C376;Delcine;Roskams;droskamsaf@accuweather.com;Female;Baoxing;China
C377;Lauretta;Dionisio;ldionisioag@paginegialle.it;Female;Dimayon;Philippines
C378;Tracy;L' Estrange;tlestrangeah@devhub.com;Female;Tuzhu;China
C379;Jimmy;Vasenkov;jvasenkovai@microsoft.com;Male;Dallas;United States
C380;Nanice;Martin;nmartinaj@webeden.co.uk;Female;São João;Portugal
C381;Berkeley;O'Cosgra;bocosgraak@ibm.com;Male;Xiangang;China
C382;Vaughan;Kilrow;vkilrowal@shinystat.com;Male;Tomorlog;China
C383;Kile;Emblem;kemblemam@facebook.com;Bigender;Klichaw;Belarus
C384;Gilbertine;Leeke;gleekean@unicef.org;Female;Amsterdam;Netherlands
C385;Joella;Meeke;jmeekeao@thetimes.co.uk;Female;Nularan;Indonesia
C386;Nathalie;Cornes;ncornesap@nyu.edu;Female;Gibsons;Canada
C387;Lannie;Yude;lyudeaq@dyndns.org;Male;Gobernador Gálvez;Argentina
C388;Drucill;Fyfield;dfyfieldar@sogou.com;Female;Mbongawani;Indonesia
C389;Eolande;Biagi;ebiagias@webnode.com;Female;Guarujá;Brazil
C390;Stavro;Whitemarsh;swhitemarshat@boston.com;Male;Baton Rouge;United States
C391;Clementine;Cheatle;ccheatleau@usa.gov;Female;Hamada;Japan
C392;Falito;Chesher;fchesherav@who.int;Male;Omemee;Canada
C393;Traci;Bateson;tbatesonaw@usa.gov;Female;Debrecen;Hungary
C394;Grete;Diable;gdiableax@com.com;Female;Nàng Mau;Vietnam
C395;Abbe;Esseby;aessebyay@cargocollective.com;Female;Minakuchi;Japan
C396;Cross;Candie;ccandieaz@reuters.com;Male;Arsen’yev;Russia
C397;Stace;O'Longain;solongainb0@yandex.ru;Female;Radostowice;Poland
C398;Loydie;Livock;llivockb1@paypal.com;Male;Nong Muang;Thailand
C399;Mara;MacBrearty;mmacbreartyb2@hao123.com;Female;San Pedro;Mexico
C400;Dayle;Ughini;dughinib3@yelp.com;Female;Santa Elena;Mexico
C401;Marwin;Simenet;msimenetb4@newyorker.com;Male;Brangsi;Indonesia
C402;Kaela;Timblett;ktimblettb5@e-recht24.de;Female;Bahui;China
C403;Anatola;Brittian;abrittianb6@facebook.com;Female;Bordeaux;France
C404;Fraser;Joincey;fjoinceyb7@mapquest.com;Male;Niños Heroes;Mexico
C405;Urson;Marchington;umarchingtonb8@etsy.com;Male;Voyutychi;Ukraine
C406;Kata;Thornally;kthornallyb9@smugmug.com;Female;Huyuan;China
C407;Iosep;Patise;ipatiseba@salon.com;Male;Adigeni;Georgia
C408;Rolando;Perle;rperlebb@guardian.co.uk;Male;Xagmakajor;China
C409;Katharine;Aldwich;kaldwichbc@cnet.com;Female;Mýrina;Greece
C410;Fidela;Immins;fimminsbd@un.org;Female;Évry;France
C411;Colas;Wigin;cwiginbe@sphinn.com;Male;Nangen;South Korea
C412;Flinn;O'Hengerty;fohengertybf@accuweather.com;Male;Muramvya;Burundi
C413;Sarena;Veysey;sveyseybg@diigo.com;Female;Kyegegwa;Uganda
C414;Roxie;Orthmann;rorthmannbh@tuttocitta.it;Female;Huping;China
C415;Annalise;Zohrer;azohrerbi@webeden.co.uk;Female;Lyon;France
C416;Alfie;Morfey;amorfeybj@dedecms.com;Male;Lolodorf;Cameroon
C417;Orren;Britton;obrittonbk@mayoclinic.com;Male;Kromy;Russia
C418;Lew;Velden;lveldenbl@vimeo.com;Male;Bojongsari;Indonesia
C419;Darby;Kneller;dknellerbm@infoseek.co.jp;Female;Oulad Frej;Morocco
C420;Evelin;Deeks;edeeksbn@reddit.com;Male;Lamawalang;Indonesia
C421;Michale;Rookes;mrookesbo@wsj.com;Male;Loukísia;Greece
C422;Natty;Krolle;nkrollebp@examiner.com;Male;Iba;Philippines
C423;Zia;Kinnier;zkinnierbq@merriam-webster.com;Female;Vale de Figueira;Portugal
C424;Hanny;Manie;hmaniebr@europa.eu;Female;Kassiri;Sierra Leone
C425;Kathye;Bishop;kbishopbs@artisteer.com;Female;Qili;China
C426;Bili;Domenicone;bdomeniconebt@123-reg.co.uk;Female;Montgomery;United States
C427;Arther;Rubbert;arubbertbu@addthis.com;Male;Simabur;Indonesia
C428;Rivkah;Gilbane;rgilbanebv@walmart.com;Female;Vienne;France
C429;Norbert;Elkin;nelkinbw@flickr.com;Male;Qalyūb;Egypt
C430;Bronny;Brammer;bbrammerbx@foxnews.com;Male;Banjar Anyar;Indonesia
C431;Harlan;Bech;hbechby@ucoz.com;Male;Matmata;Morocco
C432;Letty;Firle;lfirlebz@chicagotribune.com;Female;Klimavichy;Belarus
C433;Casar;Waldren;cwaldrenc0@angelfire.com;Male;Paris 18;France
C434;Hunfredo;Saphir;hsaphirc1@twitter.com;Male;Nerchinsk;Russia
C435;Bald;Ewestace;bewestacec2@vimeo.com;Male;Tiniguiban;Philippines
C436;Augusto;Branca;abrancac3@google.co.uk;Male;Matelândia;Brazil
C437;Valina;MacMeanma;vmacmeanmac4@friendfeed.com;Female;Kasli;Russia
C438;Flint;Callicott;fcallicottc5@huffingtonpost.com;Male;Sartrouville;France
C439;Irwin;Arnowitz;iarnowitzc6@photobucket.com;Male;Thaba Nchu;South Africa
C440;Judd;Pottery;jpotteryc7@ifeng.com;Male;Kota Kinabalu;Malaysia
C441;Nell;De Hoogh;ndehooghc8@google.co.uk;Female;Gotovlje;Slovenia
C442;Randall;Cerro;rcerroc9@stanford.edu;Male;Benito Juarez;Mexico
C443;Lynnet;Dacks;ldacksca@ezinearticles.com;Female;Mabyan;Yemen
C444;Nikolaos;Klugman;nklugmancb@google.es;Male;Al ‘Udayn;Yemen
C445;Archibold;Boyle;aboylecc@mtv.com;Male;Rawuk;Indonesia
C446;Belita;Rubica;brubicacd@linkedin.com;Female;Saint-Laurent-Blangy;France
C447;Adore;Sparry;asparryce@redcross.org;Female;Kumamoto;Japan
C448;Renault;Jagoe;rjagoecf@google.cn;Male;Nangkasari;Indonesia
C449;Tova;Costelow;tcostelowcg@berkeley.edu;Genderfluid;Umeå;Sweden
C450;Cammi;Breeze;cbreezech@uiuc.edu;Female;Ngulahan;Indonesia
C451;Felipa;McMychem;fmcmychemci@macromedia.com;Female;Nunchía;Colombia
C452;Jenilee;Meharry;jmeharrycj@guardian.co.uk;Female;Vicente Guerrero;Mexico
C453;Geoff;Milthorpe;gmilthorpeck@google.fr;Male;Saraburi;Thailand
C454;Krissy;Borkett;kborkettcl@list-manage.com;Female;Priekulė;Lithuania
C455;Chan;Simecek;csimecekcm@biglobe.ne.jp;Genderqueer;Arão;Portugal
C456;Chandal;Clouter;ccloutercn@examiner.com;Female;Labrador City;Canada
C457;Bennie;Attock;battockco@example.com;Male;Naawan;Philippines
C458;Elle;Lamberts;elambertscp@springer.com;Female;Puteaux;France
C459;Myrtie;Wigan;mwigancq@nbcnews.com;Female;Palykavichy Pyershyya;Belarus
C460;Freddy;Newman;fnewmancr@imageshack.us;Male;Auch;France
C461;Hershel;Ram;hramcs@reference.com;Male;Suba;Philippines
C462;Ira;Chislett;ichislettct@loc.gov;Female;Berëzovyy;Russia
C463;Emyle;Mallender;emallendercu@seattletimes.com;Female;Ruma;Serbia
C464;Clemmie;Wrout;cwroutcv@seattletimes.com;Female;Ar Rujum;Yemen
C465;Stacey;Norquoy;snorquoycw@linkedin.com;Female;Gualaceo;Ecuador
C466;Josi;Castanaga;jcastanagacx@blinklist.com;Female;Qiandong;China
C467;Janean;Aubury;jauburycy@stanford.edu;Female;Betioky;Madagascar
C468;Artie;Gladbeck;agladbeckcz@wordpress.org;Male;Valcheta;Argentina
C469;Maegan;Schustl;mschustld0@purevolume.com;Female;Xiabaishi;China
C470;Tedmund;Philps;tphilpsd1@prnewswire.com;Male;Āstārā;Iran
C471;Averyl;Sudy;asudyd2@bluehost.com;Polygender;Aikmel;Indonesia
C472;Cirillo;Liddiard;cliddiardd3@mozilla.org;Male;São Carlos;Brazil
C473;Abagail;Houdhury;ahoudhuryd4@dell.com;Female;Huangshi;China
C474;Jacinthe;Bointon;jbointond5@skype.com;Female;Taesal-li;South Korea
C475;Marion;Montier;mmontierd6@buzzfeed.com;Male;Lavras da Mangabeira;Brazil
C476;Hedda;Woodes;hwoodesd7@psu.edu;Female;Providencia;Mexico
C477;Elroy;Atton;eattond8@ifeng.com;Male;Cumedak;Indonesia
C478;Jarrod;Robinette;jrobinetted9@unicef.org;Male;Cortinhas;Portugal
C479;Leonid;Sager;lsagerda@netlog.com;Male;Sumberrojokrajan;Indonesia
C480;Freeman;Finkle;ffinkledb@ucoz.com;Male;Tranås;Sweden
C481;Bree;Damper;bdamperdc@imgur.com;Female;Fantino;Dominican Republic
C482;Valle;Goodwins;vgoodwinsdd@woothemes.com;Male;Bích Động;Vietnam
C483;Vivien;Thorburn;vthorburnde@usa.gov;Genderfluid;Nahrīn;Afghanistan
C484;Sophronia;Ben;sbendf@wsj.com;Female;Tambakbaya;Indonesia
C485;Hortense;Peppin;hpeppindg@quantcast.com;Female;Neyrīz;Iran
C486;Marge;Ridler;mridlerdh@sogou.com;Female;Namballe;Peru
C487;Anna-diana;Pratty;aprattydi@engadget.com;Female;Sobeok;Indonesia
C488;Tyne;Parysowna;tparysownadj@google.com;Female;Itatinga;Brazil
C489;Rikki;Scogin;rscogindk@dailymotion.com;Male;La Quiaca;Argentina
C490;Lenette;Kobieriecki;lkobierieckidl@reddit.com;Female;Boleszkowice;Poland
C491;Alaster;Leacock;aleacockdm@xinhuanet.com;Male;Washington;United States
C492;Babb;Rosen;brosendn@angelfire.com;Female;Paris 06;France
C493;Corny;Lazell;clazelldo@eepurl.com;Male;Xiangshan;China
C494;Konstantine;Stollen;kstollendp@gnu.org;Male;Gardanne;France
C495;Tove;Le Page;tlepagedq@icio.us;Female;Orenburg;Russia
C496;Nye;Velten;nveltendr@macromedia.com;Male;Ust’-Isha;Russia
C497;Ketty;Arlett;karlettds@addthis.com;Female;Vrtojba;Slovenia
C498;Kizzee;Byrd;kbyrddt@forbes.com;Female;Awat;China
C499;Aldrich;Joseland;ajoselanddu@dmoz.org;Male;Yacuiba;Bolivia
C500;Margalo;Peasnone;mpeasnonedv@psu.edu;Polygender;Narsingdi;Bangladesh
C501;Patten;Pinkney;ppinkneydw@technorati.com;Genderqueer;Umuquena;Venezuela
C502;Pauline;Ponde;ppondedx@irs.gov;Female;Wates;Indonesia
C503;Dorena;Keely;dkeelydy@alibaba.com;Female;Oued Lill;Tunisia
C504;Pavlov;Beards;pbeardsdz@trellian.com;Male;Shitan;China
C505;Davidde;Addy;daddye0@nbcnews.com;Male;Fagatogo;American Samoa
C506;Karyl;DeSousa;kdesousae1@elegantthemes.com;Female;Yongfu;China
C507;Clemens;Rawcliffe;crawcliffee2@ucoz.ru;Male;Pampas;Peru
C508;Iormina;Ferrai;iferraie3@yelp.com;Female;Starominskaya;Russia
C509;Gaye;McCabe;gmccabee4@reuters.com;Female;Lingcheng;China
C510;Wendi;Novacek;wnovaceke5@weibo.com;Female;Peachland;Canada
C511;Bing;Donat;bdonate6@berkeley.edu;Male;Sumeng;China
C512;Violetta;Maggiori;vmaggiorie7@imdb.com;Female;Shihudang;China
C513;Welby;McCumskay;wmccumskaye8@meetup.com;Male;Chernyakhovsk;Russia
C514;Maurie;Bonnaire;mbonnairee9@intel.com;Male;Kitakyūshū;Japan
C515;Norbert;Appleby;napplebyea@photobucket.com;Male;Brzyska;Poland
C516;Willard;Enga;wengaeb@dmoz.org;Male;Argentan;France
C517;Christal;Flintuff;cflintuffec@angelfire.com;Female;Sadabumi;Indonesia
C518;Pete;Bjerkan;pbjerkaned@live.com;Male;Mlonggo;Indonesia
C519;Yorgos;Purkins;ypurkinsee@army.mil;Male;Encañada;Peru
C520;Dorree;Kardos-Stowe;dkardosstoweef@merriam-webster.com;Female;João Pinheiro;Brazil
C521;Portie;Abramovic;pabramoviceg@aol.com;Male;Chaloem Phra Kiat;Thailand
C522;Gates;Worcester;gworcestereh@php.net;Female;Tuchów;Poland
C523;Bobbee;Lippett;blippettei@shinystat.com;Female;Matiguás;Nicaragua
C524;Brad;Tuplin;btuplinej@amazonaws.com;Male;Guandu;China
C525;Sauveur;Cockrill;scockrillek@cbsnews.com;Non-binary;Cavalões;Portugal
C526;Auberon;Chellenham;achellenhamel@about.com;Genderfluid;Bystryanka;Russia
C527;Kriste;Kemish;kkemishem@admin.ch;Agender;Pejukutan;Indonesia
C528;Ferdie;Cowing;fcowingen@omniture.com;Male;Maiwang;China
C529;Oralla;Bartol;obartoleo@goodreads.com;Female;Rockford;United States
C530;Ruperto;Latus;rlatusep@boston.com;Male;Svetogorsk;Russia
C531;Dreddy;Ossipenko;dossipenkoeq@wordpress.com;Female;Vitória da Conquista;Brazil
C532;Sheena;Vearncombe;svearncombeer@umich.edu;Female;Kupchino;Russia
C533;Harley;Hounsom;hhounsomes@moonfruit.com;Female;Marićka;Bosnia and Herzegovina
C534;Flore;Jubert;fjubertet@livejournal.com;Female;Gurlan;Uzbekistan
C535;Evelin;Beckmann;ebeckmanneu@rakuten.co.jp;Male;Kunwi;South Korea
C536;Norine;Barnfield;nbarnfieldev@hud.gov;Female;Duantan;China
C537;Allan;Ladbrooke;aladbrookeew@acquirethisname.com;Male;Valerik;Russia
C538;Park;Renbold;prenboldex@4shared.com;Male;Jialai;China
C539;Ravi;Buscher;rbuscherey@lulu.com;Genderqueer;Uusikaupunki;Finland
C540;Bryna;Twycross;btwycrossez@statcounter.com;Female;Dresden;Germany
C541;Ede;Schall;eschallf0@edublogs.org;Female;Křižanov;Czech Republic
C542;Theresina;Dalyell;tdalyellf1@dmoz.org;Female;Changyanbao;China
C543;Rudie;Voice;rvoicef2@nytimes.com;Male;Shazi;China
C544;Madelaine;Winter;mwinterf3@globo.com;Female;Manikchari;Bangladesh
C545;Devland;Amey;dameyf4@who.int;Male;Baishuitan;China
C546;Ninon;Iliffe;niliffef5@networksolutions.com;Genderfluid;La Libertad;Mexico
C547;Kennan;Voisey;kvoiseyf6@nifty.com;Male;Dębno;Poland
C548;Marve;Rhodef;mrhodeff7@freewebs.com;Male;Igbeti;Nigeria
C549;Felicle;Camel;fcamelf8@symantec.com;Female;Bemposta;Portugal
C550;Stacee;De Marchi;sdemarchif9@google.nl;Agender;Jabłonka;Poland
C551;Carley;Outridge;coutridgefa@gmpg.org;Female;Mae Hi;Thailand
C552;My;Beddo;mbeddofb@census.gov;Male;Llama;Peru
C553;Freddie;Lethebridge;flethebridgefc@blinklist.com;Male;San Cristobal;Mexico
C554;Saundra;Becket;sbecketfd@studiopress.com;Male;Abomey-Calavi;Benin
C555;Pegeen;Ouver;pouverfe@whitehouse.gov;Female;Smínthi;Greece
C556;Alanson;Tomlett;atomlettff@a8.net;Male;Boleiros;Portugal
C557;Pauletta;Franchyonok;pfranchyonokfg@youtu.be;Female;Lisiy Nos;Russia
C558;Gale;Goold;ggooldfh@vinaora.com;Male;Phanom Sarakham;Thailand
C559;Tann;Alton;taltonfi@home.pl;Male;Jiangcun;China
C560;Redd;Eite;reitefj@4shared.com;Male;Moss;Norway
C561;Britney;Powton;bpowtonfk@blogger.com;Female;Iporá;Brazil
C562;Abbi;Crossingham;acrossinghamfl@netlog.com;Polygender;Skoghall;Sweden
C563;Carson;Balnaves;cbalnavesfm@boston.com;Male;Parakanpanjang;Indonesia
C564;Sayres;Ferreira;sferreirafn@blogtalkradio.com;Male;Všemina;Czech Republic
C565;Brnaby;Standage;bstandagefo@uiuc.edu;Agender;Metsemotlhaba;Botswana
C566;Simone;Skyram;sskyramfp@google.nl;Male;Nový Hrozenkov;Czech Republic
C567;Rosemonde;Dunsire;rdunsirefq@shutterfly.com;Female;Parchowo;Poland
C568;Caryn;Moncreif;cmoncreiffr@marriott.com;Female;Dunkerque;France
C569;Ewan;Matiashvili;ematiashvilifs@addthis.com;Male;Xinye;China
C570;Angelico;McMains;amcmainsft@narod.ru;Male;Delcevo;Macedonia
C571;Charlean;Lamburn;clamburnfu@unblog.fr;Female;Galutu;China
C572;Nels;Mabbot;nmabbotfv@wufoo.com;Male;Putre;Chile
C573;Gilbertina;Leasor;gleasorfw@soundcloud.com;Female;Campo Formoso;Brazil
C574;Amalia;Sentinella;asentinellafx@spotify.com;Female;Getahovit;Armenia
C575;Nickie;Becom;nbecomfy@bravesites.com;Male;Osypenko;Ukraine
C576;Paddy;Wabb;pwabbfz@elpais.com;Male;Beringovskiy;Russia
C577;Mattie;Tortis;mtortisg0@slideshare.net;Male;Hehe;China
C578;Claiborn;Keune;ckeuneg1@symantec.com;Male;Baisha;China
C579;Roseanna;O'Crigane;rocriganeg2@state.tx.us;Female;Wenfu;China
C580;Jodee;Crosson;jcrossong3@admin.ch;Female;Yangdenghu;China
C581;Jareb;Penhearow;jpenhearowg4@blinklist.com;Male;Gurinai;China
C582;Casper;Venour;cvenourg5@alexa.com;Male;Naekan;Indonesia
C583;Martina;Meriott;mmeriottg6@hexun.com;Female;Lindavista;Mexico
C584;Tadeas;Henden;thendeng7@intel.com;Male;Lunéville;France
C585;Codie;Abells;cabellsg8@wp.com;Male;Drammen;Norway
C586;Jewelle;O'Fergus;jofergusg9@histats.com;Female;Bang Yai;Thailand
C587;Brendis;Pointin;bpointinga@tumblr.com;Male;Eenhana;Namibia
C588;York;Burtonshaw;yburtonshawgb@howstuffworks.com;Male;Stockholm;Sweden
C589;Truda;Delle;tdellegc@spiegel.de;Female;Joinville;Brazil
C590;Wolfgang;McGrudder;wmcgruddergd@mysql.com;Male;Khāngāh Dogrān;Pakistan
C591;Tabor;Salvador;tsalvadorge@xinhuanet.com;Male;Kemijärvi;Finland
C592;Alie;Addlestone;aaddlestonegf@google.co.uk;Female;Höshigiyn-Ar;Mongolia
C593;Halette;Raund;hraundgg@nydailynews.com;Female;Rive-de-Gier;France
C594;Lorant;Pocock;lpocockgh@ning.com;Male;Rio Claro;Brazil
C595;Whitaker;Kertess;wkertessgi@infoseek.co.jp;Male;Sundbyberg;Sweden
C596;Lorelle;Brower;lbrowergj@walmart.com;Female;Kristinestad;Finland
C597;Chrisse;Tapply;ctapplygk@hubpages.com;Male;Stari Grad;Serbia
C598;Arlyne;Collerd;acollerdgl@smh.com.au;Female;Whitwell;United Kingdom
C599;Barry;Eaves;beavesgm@is.gd;Female;Nasielsk;Poland
C600;Lula;Fyldes;lfyldesgn@barnesandnoble.com;Female;Az Zaytūnīyah;Palestinian Territory
C601;Pepe;Boller;pbollergo@unblog.fr;Male;Rio de Mouro;Portugal
C602;Brook;Degli Abbati;bdegliabbatigp@mit.edu;Female;La Cocha;Argentina
C603;Dallas;Maharry;dmaharrygq@taobao.com;Female;Briceni;Moldova
C604;Jessie;Popplewell;jpopplewellgr@arizona.edu;Female;Mrzezino;Poland
C605;Huntington;Blois;hbloisgs@whitehouse.gov;Male;Makati City;Philippines
C606;Celesta;Holley;cholleygt@creativecommons.org;Female;Ljungby;Sweden
C607;Ronnie;Manby;rmanbygu@bluehost.com;Male;Karvia;Finland
C608;Ardine;Freebury;afreeburygv@google.nl;Female;Vilque;Peru
C609;Ivie;Darragh;idarraghgw@blinklist.com;Female;Olyshivka;Ukraine
C610;Elfrida;Dyble;edyblegx@cloudflare.com;Female;Zeist;Netherlands
C611;Vally;Osselton;vosseltongy@w3.org;Female;Marapanim;Brazil
C612;Maximilianus;Nudde;mnuddegz@webs.com;Agender;Taisen-ri;South Korea
C613;Lorrie;Dawid;ldawidh0@seattletimes.com;Male;Bizana;South Africa
C614;Quinton;Gounel;qgounelh1@chron.com;Male;Los Santos;Colombia
C615;Bonni;Whiff;bwhiffh2@nationalgeographic.com;Non-binary;Balsas;Brazil
C616;Ted;Magrannell;tmagrannellh3@ning.com;Female;Jankovec;Macedonia
C617;Blondelle;Cuel;bcuelh4@sourceforge.net;Female;Diamante;Argentina
C618;Augustus;Leythley;aleythleyh5@umn.edu;Male;Napalitan;Philippines
C619;Molli;Belison;mbelisonh6@nyu.edu;Female;Karanganyar;Indonesia
C620;Filide;Blazejewski;fblazejewskih7@census.gov;Female;Dula’er Ewenke Minzu;China
C621;Jeno;Rivard;jrivardh8@sakura.ne.jp;Male;Qusar;Azerbaijan
C622;Thibaut;MacGarrity;tmacgarrityh9@skyrock.com;Male;Yuanping;China
C623;Anya;Stivers;astiversha@flavors.me;Female;Dudchany;Ukraine
C624;Murielle;Greenwell;mgreenwellhb@aol.com;Female;Soraya;Peru
C625;Robert;Pryke;rprykehc@addtoany.com;Bigender;Mūḩ Ḩasan;Syria
C626;Shirl;Pedican;spedicanhd@dyndns.org;Female;Cereté;Colombia
C627;Sabina;Bendare;sbendarehe@elegantthemes.com;Female;Longsheng;China
C628;Pearle;Nowakowska;pnowakowskahf@sina.com.cn;Female;Bagan;Russia
C629;Tabbie;Friary;tfriaryhg@usda.gov;Male;Mahalapye;Botswana
C630;Dunstan;Carman;dcarmanhh@g.co;Male;Abū Tīj;Egypt
C631;Abey;Aylmer;aaylmerhi@indiegogo.com;Male;Antas;Portugal
C632;Violetta;Elvey;velveyhj@ihg.com;Female;Thiais;France
C633;Joanie;Rodnight;jrodnighthk@dell.com;Female;Francistown;Botswana
C634;Ingrid;Hudson;ihudsonhl@tinypic.com;Female;Verkhniye Osel’ki;Russia
C635;Janenna;Dearle;jdearlehm@cdc.gov;Female;Laozhuang;China
C636;Letty;Cranmor;lcranmorhn@virginia.edu;Female;Trollhättan;Sweden
C637;Fabiano;Clemonts;fclemontsho@fda.gov;Male;;
C638;Carole;Scarr;cscarrhp@technorati.com;Female;Binagadi;Azerbaijan
C639;Susanne;McTeggart;smcteggarthq@wikia.com;Non-binary;Shunyi;China
C640;Walther;Cutbush;wcutbushhr@house.gov;Male;Chang’an;China
C641;Meagan;Kirk;mkirkhs@ning.com;Female;Cuijiaqiao;China
C642;Lynea;Tillett;ltillettht@dyndns.org;Female;Cognac;France
C643;Brena;Possek;bpossekhu@bloomberg.com;Bigender;Bungtiang Barat;Indonesia
C644;Daven;Harder;dharderhv@youtu.be;Male;Jiujie;China
C645;Philly;Pes;ppeshw@ehow.com;Female;Jihui;China
C646;Konstantine;Aubin;kaubinhx@msn.com;Male;Būsh;Egypt
C647;Adore;Bransom;abransomhy@ycombinator.com;Female;Paracuru;Brazil
C648;Malia;Cropp;mcropphz@nydailynews.com;Female;Nyapar;Indonesia
C649;Aylmar;Jolliffe;ajolliffei0@blog.com;Male;Sadabumi;Indonesia
C650;Tobe;Graben;tgrabeni1@cocolog-nifty.com;Male;San Julian;Philippines
C651;Orly;Revel;oreveli2@example.com;Female;Uji;Japan
C652;Thaddus;Cohalan;tcohalani3@cdbaby.com;Male;Wonokerto;Indonesia
C653;Maurits;Lenin;mlenini4@ning.com;Male;Sosnovo-Ozerskoye;Russia
C654;Renae;Pillifant;rpillifanti5@jimdo.com;Female;Taiping;China
C655;Chryste;Goodlake;cgoodlakei6@cnet.com;Female;Yaodu;China
C656;Kellen;Buche;kbuchei7@newyorker.com;Female;Крушево;Macedonia
C657;Dimitry;Teggin;dteggini8@state.tx.us;Male;Maracay;Venezuela
C658;Bobina;Bonnin;bbonnini9@comcast.net;Female;El Crucero;Nicaragua
C659;Corrie;Bulteel;cbulteelia@mlb.com;Female;Xindeng;China
C660;Darn;Gillopp;dgilloppib@wikipedia.org;Male;Marsh Harbour;Bahamas
C661;Ingrid;Arrault;iarraultic@about.com;Female;San Juan Ermita;Guatemala
C662;Nola;Goodfield;ngoodfieldid@opera.com;Genderfluid;Tyresö;Sweden
C663;Mahmoud;Chasmar;mchasmarie@free.fr;Male;Hayes;Jamaica
C664;Haroun;Bignall;hbignallif@npr.org;Male;Piñas;Ecuador
C665;Corie;Trengrouse;ctrengrouseig@symantec.com;Female;Skotoússa;Greece
C666;Ashleigh;Ollerhead;aollerheadih@independent.co.uk;Female;Sake;Democratic Republic of the Congo
C667;Chip;Ayce;cayceii@bloglovin.com;Male;Zhexiao;China
C668;Annabal;Mussotti;amussottiij@youtu.be;Female;Nässjö;Sweden
C669;Steven;Bonifazio;sbonifazioik@imdb.com;Male;Megulung;Indonesia
C670;Trey;Van Velde;tvanveldeil@loc.gov;Male;Pau;France
C671;Tamara;Traice;ttraiceim@dailymotion.com;Female;Gaoqiaolou;China
C672;Davin;Dobinson;ddobinsonin@php.net;Male;Al Fuwayliq;Saudi Arabia
C673;Kim;Milner;kmilnerio@e-recht24.de;Female;Pentéli;Greece
C674;Forest;Bansal;fbansalip@pbs.org;Male;Descalvado;Brazil
C675;Sim;Treen;streeniq@disqus.com;Male;Sigaboy;Philippines
C676;Coreen;Tribe;ctribeir@pinterest.com;Bigender;Bilozerka;Ukraine
C677;King;Downgate;kdowngateis@cpanel.net;Male;Manicahan;Philippines
C678;Genna;Esparza;gesparzait@cbslocal.com;Female;Majennang;Indonesia
C679;Orel;Scotson;oscotsoniu@phoca.cz;Polygender;Santos Dumont;Brazil
C680;Natala;Bartelot;nbartelotiv@rambler.ru;Female;Ptghunk’;Armenia
C681;Glen;Hards;ghardsiw@networkadvertising.org;Female;Kallífytos;Greece
C682;Lindsay;Geistbeck;lgeistbeckix@youku.com;Female;Ningtang;China
C683;Bruce;Lakes;blakesiy@livejournal.com;Male;Sa'dah;Yemen
C684;Belva;Hazell;bhazelliz@zdnet.com;Female;Reshetikha;Russia
C685;Kirsti;McGuinness;kmcguinnessj0@w3.org;Female;Arrap’i;Armenia
C686;Melonie;Conigsby;mconigsbyj1@creativecommons.org;Female;Fangtai;China
C687;Miranda;Ruddle;mruddlej2@ning.com;Female;Santiago do Cacém;Portugal
C688;Trula;Meeland;tmeelandj3@about.me;Female;Toyós;Honduras
C689;Nicki;O'Flannery;noflanneryj4@twitter.com;Bigender;Rio Claro;Trinidad and Tobago
C690;Rozelle;Dunniom;rdunniomj5@sourceforge.net;Female;Opatówek;Poland
C691;Mariejeanne;Awin;mawinj6@moonfruit.com;Female;Banjar Pedawa;Indonesia
C692;Ella;Stobie;estobiej7@examiner.com;Female;Xiashihao;China
C693;Marci;Curnow;mcurnowj8@desdev.cn;Female;Humaitá;Brazil
C694;Patin;Rodie;prodiej9@naver.com;Male;Zaozhuang;China
C695;Loren;Juorio;ljuorioja@tiny.cc;Male;Arnage;France
C696;Axe;Whatsize;awhatsizejb@usda.gov;Male;Chlewiska;Poland
C697;Harvey;Iozefovich;hiozefovichjc@themeforest.net;Male;Añelo;Argentina
C698;Edee;Fullilove;efullilovejd@opensource.org;Female;Novoishimskiy;Kazakhstan
C699;Oralla;Sarginson;osarginsonje@netlog.com;Female;Ust’-Ulagan;Russia
C700;Cortie;Eary;cearyjf@state.gov;Male;Chuoyuan;China
C701;Ramona;Errowe;rerrowejg@soundcloud.com;Female;Bom Sucesso;Portugal
C702;Cordy;Oland;colandjh@state.gov;Female;Borabue;Thailand
C703;Ashbey;Seeds;aseedsji@illinois.edu;Male;Fresnes;France
C704;Odetta;Weedon;oweedonjj@msu.edu;Female;Shalizhai;China
C705;Edwina;Pigot;epigotjk@phoca.cz;Female;Yanshi;China
C706;Garold;Loyd;gloydjl@ocn.ne.jp;Male;Sakado;Japan
C707;Cozmo;Antunez;cantunezjm@blogspot.com;Male;Malasugui;Philippines
C708;Joaquin;Ruggs;jruggsjn@cbslocal.com;Male;Fengshan;China
C709;Erhart;Packman;epackmanjo@boston.com;Non-binary;Kubanskiy;Russia
C710;Devonna;Awdry;dawdryjp@accuweather.com;Female;Saint Ann’s Bay;Jamaica
C711;Cicely;Olensby;colensbyjq@skype.com;Female;Phôngsali;Laos
C712;Ronny;Gregoli;rgregolijr@vimeo.com;Female;Daliang;China
C713;Klemens;Aimson;kaimsonjs@dmoz.org;Male;Ya’erya;China
C714;Kassie;Kinahan;kkinahanjt@issuu.com;Female;;
C715;Mead;Molineaux;mmolineauxju@shutterfly.com;Female;Vân Tùng;Vietnam
C716;Nikolia;Pedrielli;npedriellijv@weebly.com;Polygender;Laocheng;China
C717;Laetitia;Schaffler;lschafflerjw@unc.edu;Female;Verkhniy Dashkesan;Azerbaijan
C718;Archy;Lasham;alashamjx@instagram.com;Male;Biryukove;Ukraine
C719;Giulio;MacKniely;gmacknielyjy@addthis.com;Male;Lundo;Indonesia
C720;Meggie;Masdon;mmasdonjz@paypal.com;Female;Ljukovo;Serbia
C721;Jemmie;Douch;jdouchk0@tripod.com;Female;Longquan;China
C722;Dene;Housley;dhousleyk1@ed.gov;Male;Princeville;Canada
C723;Waylen;Spellar;wspellark2@delicious.com;Genderqueer;Hưng Yên;Vietnam
C724;Cly;Peterkin;cpeterkink3@weebly.com;Male;Mallawī;Egypt
C725;Verney;Habben;vhabbenk4@ovh.net;Male;Sokółka;Poland
C726;Avigdor;Brummell;abrummellk5@smugmug.com;Male;Boisbriand;Canada
C727;Michel;Grzelak;mgrzelakk6@utexas.edu;Bigender;Nanmo;China
C728;Juan;Frances;jfrancesk7@smugmug.com;Male;Sukth;Albania
C729;Teodoor;Skillitt;tskillittk8@businessinsider.com;Male;Aqqan;China
C730;Bernetta;Arnely;barnelyk9@huffingtonpost.com;Female;Otradnyy;Russia
C731;Piggy;Gunney;pgunneyka@skype.com;Non-binary;Komga;South Africa
C732;Huntley;Nelhams;hnelhamskb@cam.ac.uk;Male;Rupe;Indonesia
C733;Herold;Fullom;hfullomkc@theguardian.com;Male;Saint-Louis du Nord;Haiti
C734;Umberto;Feavearyear;ufeavearyearkd@netlog.com;Male;San Pedro de Atacama;Chile
C735;Remington;Crown;rcrownke@xing.com;Male;Quillabamba;Peru
C736;Louisa;Minico;lminicokf@gnu.org;Female;Luotang;China
C737;Colene;Gunthorp;cgunthorpkg@clickbank.net;Female;Nonsan;South Korea
C738;Raffarty;Stigger;rstiggerkh@salon.com;Male;Tungao;Philippines
C739;Shandy;Blaxter;sblaxterki@bizjournals.com;Female;Wijewo;Poland
C740;Giusto;McCarter;gmccarterkj@eventbrite.com;Male;Téra;Niger
C741;Sigfrid;Ackerley;sackerleykk@businessweek.com;Male;Sørvágur;Faroe Islands
C742;Kylila;Wortman;kwortmankl@sogou.com;Female;Batarasa;Philippines
C743;Ruth;Kinde;rkindekm@phpbb.com;Female;;
C744;Maddy;Fishleigh;mfishleighkn@networksolutions.com;Male;Xiwang;China
C745;Vina;Soppeth;vsoppethko@bbc.co.uk;Female;Yugawara;Japan
C746;Shanon;Meyrick;smeyrickkp@illinois.edu;Female;Xinzhan;China
C747;Dasya;Nobriga;dnobrigakq@blog.com;Female;Cincinnati;United States
C748;Yvette;Groundwater;ygroundwaterkr@livejournal.com;Female;Montpellier;France
C749;Wylma;Toseland;wtoselandks@myspace.com;Female;Xinwu;China
C750;Arabela;Gallemore;agallemorekt@webeden.co.uk;Female;Vila Alva;Portugal
C751;Obed;Carnegie;ocarnegieku@squidoo.com;Male;Maţāy;Egypt
C752;Humfrid;Anselm;hanselmkv@wikia.com;Male;Cerrillos;Argentina
C753;Welbie;Tummasutti;wtummasuttikw@cornell.edu;Male;Alençon;France
C754;Ambur;Tooting;atootingkx@drupal.org;Female;Juntas;Costa Rica
C755;La verne;Climance;lclimanceky@wufoo.com;Genderfluid;Huolongmen;China
C756;Moreen;Portugal;mportugalkz@dailymail.co.uk;Female;Shaxi;China
C757;Teddy;Duligal;tduligall0@sitemeter.com;Female;Wyszków;Poland
C758;Orsa;Roust;oroustl1@smh.com.au;Female;Al Funayţīs;Kuwait
C759;Geoff;Knowller;gknowllerl2@tinypic.com;Male;Leran Kulon;Indonesia
C760;Quill;O'Canavan;qocanavanl3@sun.com;Agender;Ouégoa;New Caledonia
C761;Becka;Stiegar;bstiegarl4@census.gov;Female;Gurra e Vogël;Albania
C762;Van;Gittins;vgittinsl5@boston.com;Male;Huaqiao;China
C763;Julia;Dener;jdenerl6@mozilla.org;Female;Cururupu;Brazil
C764;Saul;Swinley;sswinleyl7@scribd.com;Male;Oslo;Norway
C765;Der;Gary;dgaryl8@zimbio.com;Male;Haoraoshan;China
C766;Glennis;Christian;gchristianl9@dailymail.co.uk;Female;Montalvão;Portugal
C767;Caresa;Frankel;cfrankella@histats.com;Female;Qanliko’l;Uzbekistan
C768;Ricky;Mottini;rmottinilb@ow.ly;Female;Trai Ngau;Vietnam
C769;Dwight;Kuhnel;dkuhnellc@techcrunch.com;Male;Oelui;Indonesia
C770;Glendon;Marquis;gmarquisld@prlog.org;Male;Topolná;Czech Republic
C771;Arabella;Thoresby;athoresbyle@woothemes.com;Female;Batulenger Barat;Indonesia
C772;Tiler;Danser;tdanserlf@github.io;Male;Ongi;Mongolia
C773;Iolande;Hrishchenko;ihrishchenkolg@drupal.org;Female;Corticeiro de Baixo;Portugal
C774;Spike;Emslie;semslielh@cam.ac.uk;Male;Leppävirta;Finland
C775;Lucian;Priter;lpriterli@gravatar.com;Male;Man;Ivory Coast
C776;Briggs;Giacobbo;bgiacobbolj@home.pl;Male;Zhamog;China
C777;Madelaine;Gammet;mgammetlk@e-recht24.de;Female;Bokat;Indonesia
C778;Ashla;Cullon;acullonll@soundcloud.com;Female;Rueil-Malmaison;France
C779;Mandie;Kernoghan;mkernoghanlm@360.cn;Non-binary;Bronx;United States
C780;Marshall;Coppeard;mcoppeardln@ehow.com;Male;Ilek;Russia
C781;Joceline;Anster;jansterlo@blogger.com;Female;Dagsar;China
C782;Jessa;Clemmett;jclemmettlp@princeton.edu;Female;Sanshilipu;China
C783;Nelia;Blabber;nblabberlq@irs.gov;Bigender;Nkove;Tanzania
C784;Wiatt;Sworder;wsworderlr@fotki.com;Male;Malitbog;Philippines
C785;Penrod;Blest;pblestls@umich.edu;Male;Nonoichi;Japan
C786;Jelene;Green;jgreenlt@acquirethisname.com;Female;Baicaogou;China
C787;Rae;Bovaird;rbovairdlu@wordpress.org;Female;Xianchiyu;China
C788;Cal;Creasy;ccreasylv@ask.com;Male;Tumba;China
C789;Neddy;Mousby;nmousbylw@etsy.com;Male;Domont;France
C790;Sabine;Karle;skarlelx@constantcontact.com;Female;Mörön;Mongolia
C791;Billye;Sadler;bsadlerly@forbes.com;Female;Černovice;Czech Republic
C792;Vinnie;Skrines;vskrineslz@storify.com;Female;Vurğun;Azerbaijan
C793;Daphne;Crosgrove;dcrosgrovem0@admin.ch;Female;Frederiksberg;Denmark
C794;Jobie;Rayman;jraymanm1@indiegogo.com;Female;Huangshanguan;China
C795;Gill;Bulcock;gbulcockm2@unblog.fr;Male;Yur’yev-Pol’skiy;Russia
C796;Glenn;Probat;gprobatm3@apple.com;Female;Kérkyra;Greece
C797;Elvera;Tyson;etysonm4@bbc.co.uk;Female;Orange;France
C798;Jeffry;Arthey;jartheym5@storify.com;Male;Sakon Nakhon;Thailand
C799;Tymon;Stevani;tstevanim6@tinyurl.com;Male;Kivijärvi;Finland
C800;Armando;Testro;atestrom7@jiathis.com;Male;Xuanhuadian;China
C801;Patin;Bodill;pbodillm8@guardian.co.uk;Male;Tajao;Philippines
C802;Tanhya;Witherden;twitherdenm9@eventbrite.com;Female;Maxixe;Mozambique
C803;Nannette;Terzo;nterzoma@geocities.jp;Female;Hamburg Harvestehude;Germany
C804;Egbert;Preuvost;epreuvostmb@springer.com;Male;Bariri;Brazil
C805;Cherise;Clipson;cclipsonmc@youtu.be;Female;Campo Maior;Portugal
C806;Jarvis;Ashlin;jashlinmd@last.fm;Male;Mosteirô;Portugal
C807;Padgett;Benyan;pbenyanme@techcrunch.com;Male;Amānzī;Afghanistan
C808;Mandie;Sharville;msharvillemf@friendfeed.com;Female;Casal do Relvas;Portugal
C809;Sybille;Ree;sreemg@engadget.com;Female;Bobon;Philippines
C810;Whitaker;Hinkens;whinkensmh@nyu.edu;Male;Kstovo;Russia
C811;Rickie;Mattys;rmattysmi@sina.com.cn;Non-binary;Yukou;China
C812;Eliza;Davidy;edavidymj@tripod.com;Female;Powidz;Poland
C813;Gar;Spillett;gspillettmk@typepad.com;Male;Hukou;China
C814;Claudie;Mumford;cmumfordml@salon.com;Genderqueer;Duofudu;China
C815;Isacco;Goligly;igoliglymm@vistaprint.com;Male;Marataizes;Brazil
C816;Laraine;Beart;lbeartmn@behance.net;Female;Jiangxiangzhen;China
C817;Vassily;Smowton;vsmowtonmo@uiuc.edu;Male;Soufrière;Dominica
C818;Mariellen;Duckels;mduckelsmp@tinyurl.com;Female;Conchagua;El Salvador
C819;Lana;Sarll;lsarllmq@fc2.com;Female;Xundian;China
C820;Kalle;Behan;kbehanmr@microsoft.com;Male;Ruo;Micronesia
C821;Roderic;Accum;raccumms@cpanel.net;Polygender;Glasgow;United Kingdom
C822;Arabele;Heaker;aheakermt@spiegel.de;Female;Tayturka;Russia
C823;Celle;Yakubowicz;cyakubowiczmu@answers.com;Female;;
C824;Beverlee;Haithwaite;bhaithwaitemv@blogger.com;Female;Volzhsk;Russia
C825;Anthia;Motten;amottenmw@angelfire.com;Female;Buruanga;Philippines
C826;Jacques;Muller;jmullermx@oaic.gov.au;Male;Curuggoong;Indonesia
C827;Roxane;Spenton;rspentonmy@joomla.org;Female;Bagong Barrio;Philippines
C828;Candi;Strong;cstrongmz@cdbaby.com;Female;Belle-Anse;Haiti
C829;Terrance;Benn;tbennn0@google.cn;Male;Dallas;United States
C830;Sondra;Eade;seaden1@japanpost.jp;Genderqueer;;
C831;Pietro;Eary;pearyn2@constantcontact.com;Male;Anjihai;China
C832;Rufus;Boot;rbootn3@ox.ac.uk;Male;Pelabuhanratu;Indonesia
C833;April;Johnys;ajohnysn4@nytimes.com;Female;Llacanora;Peru
C834;Agnesse;Greser;agresern5@newyorker.com;Female;Yukuhashi;Japan
C835;Ely;Ekell;eekelln6@cbsnews.com;Male;Bela Vista do Paraíso;Brazil
C836;Tiertza;Pickrill;tpickrilln7@google.com.au;Female;Linshui;China
C837;Sandra;Padilla;spadillan8@cornell.edu;Female;Tangzi;China
C838;Perla;Spacey;pspaceyn9@foxnews.com;Female;Red Hill;New Zealand
C839;Rodney;Wedlake;rwedlakena@wunderground.com;Male;Tymoshivka;Ukraine
C840;Arnaldo;Mulgrew;amulgrewnb@bbc.co.uk;Male;Šenkovec;Croatia
C841;Florina;Bhar;fbharnc@dyndns.org;Female;Castelli;Argentina
C842;Hanson;Daintith;hdaintithnd@stumbleupon.com;Male;Montpellier;France
C843;Kay;Ternent;kternentne@cdbaby.com;Female;Mocímboa;Mozambique
C844;Welby;O'Hdirscoll;wohdirscollnf@utexas.edu;Male;Stockholm;Sweden
C845;Georgena;Edgehill;gedgehillng@globo.com;Female;Kangle;China
C846;Polly;Jarrold;pjarroldnh@google.it;Female;Tucson;United States
C847;Rozanna;Vernay;rvernayni@sbwire.com;Female;Sorokino;Russia
C848;Aeriela;Plenderleith;aplenderleithnj@sina.com.cn;Female;Waipukang;Indonesia
C849;Druci;Feechum;dfeechumnk@icio.us;Female;Lyon;France
C850;Cordell;Burnie;cburnienl@usa.gov;Male;Lundazi;Zambia
C851;Reggy;Greaves;rgreavesnm@amazon.com;Male;Sisŏphŏn;Cambodia
C852;Sharona;Joplin;sjoplinnn@freewebs.com;Agender;Negeriagung;Indonesia
C853;Deidre;Hengoed;dhengoedno@comcast.net;Female;Tajur;Indonesia
C854;Marjy;Canter;mcanternp@earthlink.net;Female;Vol’sk;Russia
C855;Lise;Teggin;ltegginnq@ted.com;Female;Jiujie;China
C856;Alvy;Dudmarsh;adudmarshnr@meetup.com;Male;Poitiers;France
C857;Sarita;Wicken;swickenns@usa.gov;Bigender;Gaopeng;China
C858;Tedmund;Gligorijevic;tgligorijevicnt@google.com;Male;Santo Domingo Este;Dominican Republic
C859;Gusella;McLoughlin;gmcloughlinnu@statcounter.com;Female;Colesberg;South Africa
C860;Elsinore;Gilvear;egilvearnv@ehow.com;Female;Butel;Macedonia
C861;Robena;Elfes;relfesnw@shinystat.com;Female;Petaling Jaya;Malaysia
C862;Imojean;Jerome;ijeromenx@liveinternet.ru;Female;Toyonaka;Japan
C863;Michel;Springthorpe;mspringthorpeny@alibaba.com;Female;Saronída;Greece
C864;Brear;Wakelin;bwakelinnz@rakuten.co.jp;Female;Saint Paul;United States
C865;Huntington;Lefeaver;hlefeavero0@fotki.com;Male;Jiaokou;China
C866;Alford;Hinchon;ahinchono1@squidoo.com;Male;Niedercorn;Luxembourg
C867;Marnia;Yerrington;myerringtono2@accuweather.com;Female;Rathdrum;Ireland
C868;Kipp;Schout;kschouto3@uol.com.br;Female;Jiangdong;China
C869;Brittne;Gumly;bgumlyo4@ustream.tv;Bigender;Gongyi;China
C870;Kaila;Vasyutkin;kvasyutkino5@chronoengine.com;Agender;Jardia;Portugal
C871;Raeann;Martt;rmartto6@cornell.edu;Female;Belos Ares;Portugal
C872;Merlina;Toolin;mtoolino7@huffingtonpost.com;Female;Acolla;Peru
C873;Gallagher;Tolworth;gtolwortho8@tuttocitta.it;Male;Tartouss;Syria
C874;Galvan;Tyrrell;gtyrrello9@latimes.com;Bigender;Azenhas do Mar;Portugal
C875;Ike;Jorat;ijoratoa@histats.com;Male;Rabat;Morocco
C876;Balduin;Tourle;btourleob@webs.com;Male;;
C877;Oby;Phythien;ophythienoc@pbs.org;Male;Babakanjaya;Indonesia
C878;Lynea;Beake;lbeakeod@usda.gov;Female;Cruz;Portugal
C879;Lexie;Tavner;ltavneroe@jigsy.com;Female;Yam;Russia
C880;Barron;Bartolomeo;bbartolomeoof@seattletimes.com;Male;Mostek;Czech Republic
C881;Ozzie;Danher;odanherog@skyrock.com;Male;Pilcuyo;Peru
C882;Lesya;Parmiter;lparmiteroh@kickstarter.com;Female;Sampao;Philippines
C883;Giavani;Daber;gdaberoi@gravatar.com;Genderfluid;Mammari;Cyprus
C884;Rosalinde;Hartly;rhartlyoj@gmpg.org;Female;Strážná;Czech Republic
C885;Sergio;Bausmann;sbausmannok@qq.com;Male;Bogorodsk;Russia
C886;Flory;Hazzard;fhazzardol@plala.or.jp;Male;Angoulême;France
C887;Lennie;Tallet;ltalletom@nsw.gov.au;Male;Njivice;Croatia
C888;Drusy;Lobley;dlobleyon@cnet.com;Female;Secang Barat;Indonesia
C889;Risa;Bothwell;rbothwelloo@goodreads.com;Female;Pérama;Greece
C890;Maybelle;Braksper;mbraksperop@tamu.edu;Female;Kulevcha;Ukraine
C891;Isidora;Masson;imassonoq@miibeian.gov.cn;Female;St. Catharines;Canada
C892;Dex;Ryall;dryallor@hibu.com;Male;Zboriv;Ukraine
C893;Elmore;Hugues;ehuguesos@typepad.com;Male;Kelīshād va Sūdarjān;Iran
C894;Konstanze;Exrol;kexrolot@google.com.hk;Female;;
C895;Saul;Caldayrou;scaldayrouou@google.nl;Male;Portëz;Albania
C896;Aprilette;Eddisforth;aeddisforthov@hud.gov;Female;Brikama Nding;Gambia
C897;Dennie;Lensch;dlenschow@google.ca;Female;Xinhua;China
C898;Rebeka;Skocroft;rskocroftox@pbs.org;Female;Rudziczka;Poland
C899;Tate;Walasik;twalasikoy@theatlantic.com;Female;Bulqizë;Albania
C900;Lishe;Shattock;lshattockoz@ycombinator.com;Agender;Parchowo;Poland
C901;Gage;Nijs;gnijsp0@seattletimes.com;Bigender;Ciudad Bolivia;Venezuela
C902;Richardo;Padly;rpadlyp1@phpbb.com;Male;Kalety;Poland
C903;Barnabas;Windridge;bwindridgep2@godaddy.com;Male;Warmare;Indonesia
C904;Corenda;Davitt;cdavittp3@usnews.com;Female;Shengze;China
C905;Julie;Radcliffe;jradcliffep4@msn.com;Female;Racławice;Poland
C906;Andre;Rowcastle;arowcastlep5@wikipedia.org;Male;Hengshan;China
C907;Susan;Greenfield;sgreenfieldp6@samsung.com;Female;Hrvatska Kostajnica;Croatia
C908;Zara;Walthall;zwalthallp7@cmu.edu;Female;Lebedyn;Ukraine
C909;Karlotte;Branno;kbrannop8@cpanel.net;Female;Wadusari;Indonesia
C910;Currey;Blest;cblestp9@buzzfeed.com;Male;Fuzhiping;China
C911;Sherill;Du Fray;sdufraypa@discovery.com;Female;Batulawang;Indonesia
C912;Nevile;Barribal;nbarribalpb@census.gov;Male;Anyar;Indonesia
C913;Iolande;Greenhowe;igreenhowepc@cdbaby.com;Female;Kolchikón;Greece
C914;Osbert;South;osouthpd@accuweather.com;Male;La Virtud;Honduras
C915;Levy;enzley;lenzleype@yelp.com;Male;Vitali;Philippines
C916;Stacey;Loxly;sloxlypf@ask.com;Female;Tsubame;Japan
C917;Reube;Bransom;rbransompg@webnode.com;Male;Toulouse;France
C918;Jorge;Saward;jsawardph@mapquest.com;Genderfluid;Quintas;Portugal
C919;Cesar;Splaven;csplavenpi@amazon.com;Male;Qitai;China
C920;Yetta;Cupitt;ycupittpj@etsy.com;Female;Muruni;Indonesia
C921;Drake;Dannett;ddannettpk@google.com.hk;Male;Itabaiana;Brazil
C922;Randee;Robinette;rrobinettepl@harvard.edu;Female;Khlong Yai;Thailand
C923;Jacki;Le Marquand;jlemarquandpm@bluehost.com;Polygender;Lojigawaran;Indonesia
C924;Biddy;Butters;bbutterspn@mac.com;Female;Yaodu;China
C925;Chicky;O'Breen;cobreenpo@artisteer.com;Male;Pudong;China
C926;Mikael;Broadway;mbroadwaypp@house.gov;Male;Marsabit;Kenya
C927;Samantha;Tarzey;starzeypq@artisteer.com;Female;Pietà;Malta
C928;Lacy;Parrott;lparrottpr@t-online.de;Female;Sandakan;Malaysia
C929;Cole;Wharrier;cwharrierps@census.gov;Male;Pakxé;Laos
C930;Irena;Winger;iwingerpt@dion.ne.jp;Female;Yangba;China
C931;Raymund;Swindlehurst;rswindlehurstpu@bigcartel.com;Male;Brodósqui;Brazil
C932;Gabriel;Eglese;geglesepv@list-manage.com;Female;Gombang;Indonesia
C933;Cad;Moore;cmoorepw@yellowbook.com;Male;Xiaosong;China
C934;Ellis;Beck;ebeckpx@europa.eu;Male;Babakanbungur;Indonesia
C935;Josias;Holley;jholleypy@shop-pro.jp;Male;Terek;Russia
C936;Stacy;Delleschi;sdelleschipz@apple.com;Female;Mianay;Philippines
C937;Wenona;Tipping;wtippingq0@timesonline.co.uk;Female;Strellc i Ulët;Kosovo
C938;Averil;Astupenas;aastupenasq1@google.ca;Female;Yangdi;China
C939;Betteanne;Robjents;brobjentsq2@irs.gov;Female;Quezon City;Philippines
C940;Johann;Challener;jchallenerq3@mlb.com;Male;Cuito;Angola
C941;Minni;Fronczak;mfronczakq4@drupal.org;Female;Paltamo;Finland
C942;Sapphira;Ruddy;sruddyq5@walmart.com;Female;Durham;United States
C943;Cory;Scarlan;cscarlanq6@fastcompany.com;Female;Houston;United States
C944;Zorina;Nano;znanoq7@sina.com.cn;Female;Brive-la-Gaillarde;France
C945;Hugh;Loram;hloramq8@odnoklassniki.ru;Male;Kawagoe;Japan
C946;Hilliard;O'Shevlan;hoshevlanq9@t-online.de;Male;New York City;United States
C947;Vilma;Sackes;vsackesqa@tinyurl.com;Female;Nova Praha;Ukraine
C948;Maitilde;McFfaden;mmcffadenqb@pen.io;Female;Chupa;Russia
C949;Yvor;Collen;ycollenqc@army.mil;Male;Mikhaylovsk;Russia
C950;Poul;Ozelton;pozeltonqd@infoseek.co.jp;Male;Krajan Suco;Indonesia
C951;Ellie;Rosborough;erosboroughqe@istockphoto.com;Female;Guolemude;China
C952;Fields;Casin;fcasinqf@surveymonkey.com;Genderfluid;El Zulia;Colombia
C953;Agnella;O'Loghlen;aologhlenqg@usatoday.com;Female;Serrinha;Brazil
C954;Sascha;Cornelisse;scornelisseqh@ucoz.ru;Female;Mauponggo;Indonesia
C955;Kelby;Lovitt;klovittqi@ning.com;Male;Maracanaú;Brazil
C956;Lavena;Prince;lprinceqj@noaa.gov;Genderqueer;Châlons-en-Champagne;France
C957;Clifford;Warricker;cwarrickerqk@slashdot.org;Male;La Unión;Colombia
C958;Arvie;Hulburd;ahulburdql@wsj.com;Male;Kitimat;Canada
C959;Maje;Bredgeland;mbredgelandqm@deliciousdays.com;Male;Lindavista;Mexico
C960;Bevin;Arnell;barnellqn@amazonaws.com;Male;Cimo de Vila;Portugal
C961;Meggie;Speake;mspeakeqo@yahoo.co.jp;Polygender;Lucapa;Angola
C962;Auberon;Florey;afloreyqp@wix.com;Male;Sergiyev Posad;Russia
C963;Dorey;Kingescot;dkingescotqq@latimes.com;Male;Yangcheng;China
C964;Lolita;Hanton;lhantonqr@wired.com;Female;São Martinho;Portugal
C965;Blondie;Lamplugh;blamplughqs@geocities.com;Female;Wojsławice;Poland
C966;Orin;Josephov;ojosephovqt@japanpost.jp;Male;Trångsund;Sweden
C967;Loren;Henmarsh;lhenmarshqu@cmu.edu;Female;Xiaomian;China
C968;Cammie;Allingham;callinghamqv@netlog.com;Non-binary;Nuga;Mongolia
C969;Glynda;Wishkar;gwishkarqw@qq.com;Female;Basak;Philippines
C970;Hermione;Worg;hworgqx@craigslist.org;Female;Mosteiros;Portugal
C971;Ari;Stoak;astoakqy@google.nl;Male;Ngrambitan;Indonesia
C972;Boigie;Noddings;bnoddingsqz@ibm.com;Male;Sukaratu;Indonesia
C973;Adriane;Kubanek;akubanekr0@netlog.com;Female;Papilawe;Indonesia
C974;Gretta;Stanbury;gstanburyr1@elegantthemes.com;Female;Olhão;Portugal
C975;Denver;Rablan;drablanr2@msn.com;Male;Qiaotou;China
C976;Jessalin;MacMeekan;jmacmeekanr3@lulu.com;Female;Itabaianinha;Brazil
C977;Jakie;Weekley;jweekleyr4@wikimedia.org;Male;Roczyny;Poland
C978;Bradley;Prevett;bprevettr5@webs.com;Male;Sondo;Indonesia
C979;Junette;Kingham;jkinghamr6@dot.gov;Female;Rongwo;China
C980;Willabella;Lamprey;wlampreyr7@engadget.com;Female;Jieshou;China
C981;Melloney;Blackaby;mblackabyr8@geocities.jp;Genderqueer;Padaan;Indonesia
C982;Robbyn;Beert;rbeertr9@linkedin.com;Agender;Margotuhu Kidul;Indonesia
C983;Christian;Spurritt;cspurrittra@flickr.com;Female;Xinzheng;China
C984;Justen;Dominique;jdominiquerb@ox.ac.uk;Male;Íasmos;Greece
C985;Shantee;Symper;ssymperrc@flickr.com;Female;Imatra;Finland
C986;Nap;Gerald;ngeraldrd@si.edu;Male;Khujirt;Mongolia
C987;Bruce;Wolffers;bwolffersre@sphinn.com;Male;Tunjuk Selatan;Indonesia
C988;Emile;Twidale;etwidalerf@comsenz.com;Male;Líně;Czech Republic
C989;Alair;Hardingham;ahardinghamrg@istockphoto.com;Male;Lingmen;China
C990;Enrico;O'Corrin;eocorrinrh@kickstarter.com;Genderqueer;Det Udom;Thailand
C991;Gratia;Braban;gbrabanri@altervista.org;Female;Höganäs;Sweden
C992;Vanda;Mussared;vmussaredrj@bbb.org;Female;Bol;Chad
C993;Josephine;Essex;jessexrk@wired.com;Female;Batgrām;Pakistan
C994;Winny;Pitt;wpittrl@blogger.com;Female;Roanoke;United States
C995;Merrili;Vaudin;mvaudinrm@bandcamp.com;Female;Rokytnice;Czech Republic
C996;Gage;Minear;gminearrn@europa.eu;Male;Hufeng;China
C997;Karol;Hulles;khullesro@sciencedirect.com;Female;Thị Trấn Lâm;Vietnam
C998;Wynnie;Peverell;wpeverellrp@creativecommons.org;Female;'s-Hertogenbosch;Netherlands
C999;Caz;Fryatt;cfryattrq@census.gov;Male;Keruguya;Kenya
C1000;Amata;Matuszinski;amatuszinskirr@feedburner.com;Female;Gwandu;Nigeria